horizon,term
tomorrow,joy reid
tomorrow,steve smith sr
tomorrow,zero day
tomorrow,india vs pakistan
tomorrow,germany elections
tomorrow,keenen ivory wayans
tomorrow,reacher
tomorrow,pope francis
tomorrow,gabby petito
tomorrow,man city vs liverpool
3_days,reacher
3_days,zero day
3_days,gabby petito
3_days,pope francis
3_days,hunter schafer
3_days,doge stimulus check
3_days,national margarita day
3_days,steve smith sr
3_days,iphone 16e
3_days,germany elections
5_days,reacher
5_days,gabby petito
5_days,iphone 16e
5_days,zero day
5_days,lavar ball
5_days,pope francis
5_days,cpac
5_days,hunter schafer
5_days,doge stimulus check
5_days,man city vs liverpool
